epoch,time,train/box_loss,train/cls_loss,train/dfl_loss,metrics/precision(B),metrics/recall(B),metrics/mAP50(B),metrics/mAP50-95(B),val/box_loss,val/cls_loss,val/dfl_loss,lr/pg0,lr/pg1,lr/pg2
1,13.1027,0.92499,3.17698,1.07368,0.00333,1,0.52604,0.47724,0.47929,2.99522,0.8805,2e-05,2e-05,2e-05
2,29.7037,0.8096,2.91986,1.00738,0.00333,1,0.74402,0.65518,0.44909,2.92689,0.86575,5.8812e-05,5.8812e-05,5.8812e-05
3,51.5781,0.71866,2.63015,0.97632,0.00333,1,0.89733,0.81898,0.43791,2.82615,0.85052,9.604e-05,9.604e-05,9.604e-05
4,65.7592,0.74337,2.27227,0.9604,0.00333,1,0.96227,0.82641,0.51608,2.74308,0.86605,0.000131684,0.000131684,0.000131684
5,73.7154,0.68209,1.4686,0.91701,0.00925,1,0.971,0.83215,0.57262,2.56312,0.8769,0.000165744,0.000165744,0.000165744
6,95.4504,0.83352,1.39321,1.0707,1,0.76441,0.995,0.88095,0.57183,2.32859,0.87727,0.00019822,0.00019822,0.00019822
7,110.212,0.77993,1.40167,0.97345,1,0.91897,0.995,0.87589,0.56221,2.17812,0.86295,0.000229112,0.000229112,0.000229112
8,119.813,0.76302,1.30742,0.99005,1,0.94136,0.995,0.86587,0.56537,2.13159,0.84749,0.00025842,0.00025842,0.00025842
9,135.162,0.62653,1.15944,0.89966,1,0.93184,0.995,0.86416,0.52451,2.14081,0.85191,0.000286144,0.000286144,0.000286144
10,162.875,0.66029,1.12402,0.91813,1,0.91919,0.995,0.88183,0.49306,2.14847,0.85679,0.000312284,0.000312284,0.000312284
11,198.436,0.64333,1.08631,0.87637,1,0.92002,0.995,0.88405,0.4793,2.19677,0.84939,0.00033684,0.00033684,0.00033684
12,214.215,0.67152,1.02086,0.94954,1,0.90357,0.995,0.8601,0.46071,2.24716,0.83013,0.000359812,0.000359812,0.000359812
13,236.968,0.59754,1.15346,0.88477,1,0.88104,0.995,0.89458,0.45541,2.31187,0.82484,0.0003812,0.0003812,0.0003812
14,248.899,0.61559,1.14212,0.90199,1,0.78357,0.995,0.90636,0.49486,2.35895,0.83384,0.000401004,0.000401004,0.000401004
15,260.464,0.52182,1.01752,0.89422,0.91789,0.875,0.98167,0.8844,0.54211,2.38814,0.85248,0.000419224,0.000419224,0.000419224
16,272.456,0.67129,1.07435,0.93882,0.89757,0.875,0.96227,0.85244,0.57131,2.41988,0.86166,0.00043586,0.00043586,0.00043586
17,284.037,0.63759,1.11539,0.88952,0.99178,0.875,0.87647,0.786,0.597,2.42205,0.86837,0.000450912,0.000450912,0.000450912
18,295.26,0.56657,0.99911,0.88952,1,0.77835,0.8765,0.79802,0.54928,2.32428,0.85429,0.00046438,0.00046438,0.00046438
19,306.826,0.61926,0.95529,0.872,1,0.79224,0.87659,0.78619,0.55792,2.29592,0.85402,0.000476264,0.000476264,0.000476264
20,317.789,0.57798,1.1215,0.87184,1,0.80801,0.87671,0.78895,0.57935,2.28642,0.86158,0.000486564,0.000486564,0.000486564
21,335.837,0.62151,0.95195,0.93401,1,0.7942,0.87669,0.77642,0.60377,2.31543,0.86085,0.00049528,0.00049528,0.00049528
22,366.382,0.63721,1.02943,0.89502,1,0.71136,0.87666,0.79785,0.59382,2.3404,0.86293,0.000502412,0.000502412,0.000502412
23,396.749,0.55319,0.94002,0.90882,1,0.64264,0.87666,0.82074,0.55223,2.37565,0.86198,0.00050796,0.00050796,0.00050796
24,428.243,0.58085,0.93532,0.89209,1,0.62132,0.87664,0.78839,0.56298,2.3466,0.86162,0.000511924,0.000511924,0.000511924
25,460.568,0.60558,0.97453,0.88242,1,0.73461,0.87666,0.7884,0.57531,2.3387,0.86435,0.000514304,0.000514304,0.000514304
26,491.803,0.66783,0.97612,0.91841,1,0.79977,0.87671,0.79094,0.57694,2.29588,0.85952,0.0005151,0.0005151,0.0005151
27,523.529,0.56171,0.93283,0.89453,1,0.86096,0.87676,0.80482,0.56593,2.19251,0.85782,0.000514312,0.000514312,0.000514312
28,555.419,0.71506,1.09144,0.96671,1,0.86096,0.87676,0.80482,0.56593,2.19251,0.85782,0.00051194,0.00051194,0.00051194
29,587.899,0.53889,0.81789,0.85706,1,0.85944,0.87681,0.7925,0.54998,2.07319,0.85217,0.000507984,0.000507984,0.000507984
30,616.707,0.52293,0.90149,0.86437,1,0.87203,0.87679,0.7802,0.58779,1.98235,0.86123,0.000502444,0.000502444,0.000502444
31,639.853,0.55483,0.93048,0.90849,1,0.87203,0.87679,0.7802,0.58779,1.98235,0.86123,0.00049532,0.00049532,0.00049532
32,665.97,0.51883,1.01333,0.90573,0.98951,0.875,0.87674,0.79487,0.61474,1.86187,0.87718,0.000486612,0.000486612,0.000486612
33,692.092,0.48478,0.76011,0.83464,0.98181,0.875,0.87869,0.80649,0.59404,1.79706,0.8726,0.00047632,0.00047632,0.00047632
34,723.839,0.59898,0.91719,0.87966,0.98181,0.875,0.87869,0.80649,0.59404,1.79706,0.8726,0.000464444,0.000464444,0.000464444
35,1034.51,0.53163,0.90466,0.89642,0.96998,0.875,0.89962,0.81841,0.57263,1.79013,0.86584,0.000450984,0.000450984,0.000450984
36,1048.88,0.4696,0.80938,0.84787,0.97345,0.875,0.92071,0.83434,0.57103,1.74641,0.8662,0.00043594,0.00043594,0.00043594
37,1063.46,0.53462,0.83751,0.88643,0.97345,0.875,0.92071,0.83434,0.57103,1.74641,0.8662,0.000419312,0.000419312,0.000419312
38,1077.65,0.50549,0.88703,0.88725,0.97553,0.875,0.94357,0.82652,0.6276,1.70323,0.87443,0.0004011,0.0004011,0.0004011
39,1091.39,0.56154,0.85815,0.89329,1,0.97521,0.995,0.84883,0.61262,1.60747,0.8692,0.000381304,0.000381304,0.000381304
40,1105.07,0.56834,0.96127,0.88259,1,0.97521,0.995,0.84883,0.61262,1.60747,0.8692,0.000359924,0.000359924,0.000359924
41,1119.18,0.43868,1.14126,0.81795,1,0.97807,0.995,0.87168,0.5708,1.53071,0.85886,0.00033696,0.00033696,0.00033696
42,1132.78,0.40762,1.11824,0.84155,1,0.97535,0.995,0.85698,0.57477,1.53723,0.86248,0.000312412,0.000312412,0.000312412
43,1146.41,0.36123,1.0608,0.80895,1,0.97535,0.995,0.85698,0.57477,1.53723,0.86248,0.00028628,0.00028628,0.00028628
44,1159.89,0.34832,1.03163,0.75519,1,0.97458,0.995,0.86104,0.5735,1.52491,0.86759,0.000258564,0.000258564,0.000258564
45,1173.07,0.3958,1.09874,0.83363,1,0.97458,0.995,0.86104,0.5735,1.52491,0.86759,0.000229264,0.000229264,0.000229264
46,1186.83,0.37155,1.08501,0.78964,1,0.9786,0.995,0.87302,0.5595,1.49685,0.86939,0.00019838,0.00019838,0.00019838
47,1200.23,0.35268,1.1177,0.77016,1,0.9786,0.995,0.87302,0.5595,1.49685,0.86939,0.000165912,0.000165912,0.000165912
48,1213.62,0.35034,1.10033,0.83546,1,0.98338,0.995,0.85885,0.53823,1.41533,0.86506,0.00013186,0.00013186,0.00013186
49,1226.7,0.38164,1.1307,0.80175,1,0.98338,0.995,0.85885,0.53823,1.41533,0.86506,9.6224e-05,9.6224e-05,9.6224e-05
50,1240.07,0.33906,1.03595,0.80561,1,0.98627,0.995,0.87473,0.52579,1.31894,0.8607,5.9004e-05,5.9004e-05,5.9004e-05
